window_name,window_family,case,n_modes,n_cut,bandwidth,omega_min,omega_max,detune_over_omega_q,tail_fraction,rmse_ed_vs_ordered_p00,rmse_ed_vs_cont_p00,rmse_ed_vs_disc_p00,rmse_ed_vs_ordered_coh,rmse_ed_vs_cont_coh,rmse_ed_vs_disc_coh,p00_at_beta2,p00_at_beta8
center_d0.80,centered,m2c4,2,4,1.6,0.19999999999999996,1.8,0.8,0.7724823535071382,0.06340259322828337,0.035969279293045726,0.036178676954486316,1.652428411096201e-17,6.308747972783158e-17,7.8755309022834e-17,0.30812277073917105,0.3205729323784452
center_d0.80,centered,m2c5,2,5,1.6,0.19999999999999996,1.8,0.8,0.7724823535071382,0.08178481331188865,0.0424647181435951,0.01875239607604025,1.0356707977606167e-16,4.590896742153621e-17,3.1587317912609717e-17,0.32200309704938973,0.34250224377273597
center_d0.80,centered,m2c6,2,6,1.6,0.19999999999999996,1.8,0.8,0.7724823535071382,0.09402499835581545,0.05084286389934604,0.011036037004356687,1.412099327540866e-16,8.81545265089524e-17,7.22572279801082e-17,0.33245289546115364,0.35658515100702487
center_d0.80,centered,m3c4,3,4,1.6,0.19999999999999996,1.8,0.0,0.7724823535071382,0.039429693477706106,0.04344104887667435,0.048804744911511676,1.1096888376091941e-16,5.318635554352451e-17,4.5494474740098314e-17,0.2956622316030832,0.29019680940825704
center_d0.80,centered,m3c5,3,5,1.6,0.19999999999999996,1.8,0.0,0.7724823535071382,0.051253518800106604,0.0388744677963449,0.037630437769151384,2.2959281270673324e-17,4.259139265382004e-17,5.066123114479315e-17,0.30518700262154635,0.3048839391180544
center_d0.80,centered,m3c6,3,6,1.6,0.19999999999999996,1.8,0.0,0.7724823535071382,0.058587025872109726,0.038522412122561744,0.031684332883279716,2.0129735136086895e-16,1.444617854953478e-16,1.3639739451459918e-16,0.311928020622226,0.31347544260216575
center_d0.80,centered,m4c4,4,4,1.6,0.19999999999999996,1.8,0.2666666666666666,0.7724823535071382,0.026413927822831036,0.05308057867724706,0.058119583831014884,7.169224535978585e-17,1.3741288609751162e-17,8.73079884328891e-18,0.2897574562994083,0.27270123424208376
center_d0.80,centered,m4c5,4,5,1.6,0.19999999999999996,1.8,0.2666666666666666,0.7724823535071382,0.03399156623936852,0.04826294316431967,0.050777663501344925,2.2814422879726457e-16,1.7077668944576195e-16,1.654361660183882e-16,0.2977690055046186,0.2824924401518109
ratio_r4.0,ratio,m4c6,4,6,3.95,0.05,4.0,0.3666666666666667,0.4060058497098381,0.02577196624152001,0.0284449437227498,0.04025230465073182,8.303189527464781e-17,4.228571565849892e-17,3.719959611905744e-17,0.31692448767083437,0.31975149492707056
